{"cameraMode":{"drawMode":0,"name":"Shaded","section":"Shading Mode"},"sceneLighting":false,"audioPlay":false,"sceneViewState":{"m_AlwaysRefresh":false,"showFog":true,"showSkybox":false,"showFlares":true,"showImageEffects":true,"showParticleSystems":true,"showVisualEffectGraphs":true,"m_FxEnabled":true},"in2DMode":false,"pivot":{"x":-10.378846168518067,"y":-1.9524202346801758,"z":-5.627267837524414},"rotation":{"x":0.006266321986913681,"y":-0.9867954850196838,"z":0.03939266502857208,"w":0.15701808035373689},"size":5.890050888061523,"orthographic":false}